,top_words
0,graphics edu image university lines subject organization files gif images file thanks program tiff com
1,windows edu file dos microsoft mouse com files university use subject program lines driver organization
2,scsi drive ide card edu com bus controller lines thanks subject bios organization ibm monitor
3,car edu com cars article engine writes subject organization lines just university dealer usa like
4,bike com dod edu writes article ride bmw bikes dog sun organization subject riding bnr
5,edu baseball game team year games players com article writes organization subject hit lines braves
6,key clipper encryption com chip government keys escrow edu des nsa netcom crypto security access
7,edu com lines use subject organization circuit know power university copy does like host writes
8,edu pitt com geb gordon banks msg medical doctor article organization subject lines know science
9,israel israeli edu jews armenian turkish people armenians arab jewish serdar muslim argic jake muslims
