model,params,train_acc,val_acc,val_f1,n_features,n_params,fit_sec,pred_sec,group,name,candidate,cv_mean,cv_std,prep,vec_kind,vec_params,model_params,n_iter
MultinomialNB,{'alpha': 0.1},0.9918541505042668,0.9412296564195298,0.9413638848208461,34270,342710,1.55,0.271,I0,MultinomialNB (selected config),nb,0.937561736815668,0.0064771609802359775,,,,,
Linear SVM,"{'C': 0.3, 'max_iter': 5000}",0.9963149728471683,0.9330922242314648,0.933189815562202,34270,342710,1.87,0.252,I0,Linear SVM (selected config),linsvc,0.9348464643322479,0.0079848465605716,,,,,
MLP,"{'hidden_layer_sizes': (100,), 'alpha': 0.0001, 'early_stopping': True, 'max_iter': 50, 'n_iter_no_change': 5}",0.9941815360744763,0.9430379746835443,0.9432430885481967,34270,3428110,374.39,0.318,I0,MLP (selected config),mlp,0.9353264624963984,0.008295493629077229,,,,,
linsvc,,0.9967028704422033,0.9367088607594937,0.9368526565528367,34270,342710,1.96,0.261,I1,Linear SVM + Subject x2,svm_s2,0.9402754794244611,0.0062075436109437394,"Preprocessor(header=True, subject_repeat=2)",tfidf,"{'ngram_range': (1, 1), 'sublinear_tf': False, 'min_df': 2, 'max_df': 1.0, 'max_features': None}","{'C': 0.3, 'max_iter': 5000}",18.0
linsvc,,0.995733126454616,0.9394213381555153,0.939595313465337,34270,342710,2.03,0.298,I1,Linear SVM + Subject x3,svm_s3,0.9410731815527719,0.00420744112662077,"Preprocessor(header=True, subject_repeat=3)",tfidf,"{'ngram_range': (1, 1), 'sublinear_tf': False, 'min_df': 2, 'max_df': 1.0, 'max_features': None}","{'C': 0.3, 'max_iter': 5000}",18.0
nb,,0.991466252909232,0.9448462929475587,0.9450848317492941,34270,342710,1.59,0.279,I1,MultinomialNB + Subject x3,nb_s3,0.9428315174571443,0.0062634110317228405,"Preprocessor(header=True, subject_repeat=3)",tfidf,"{'ngram_range': (1, 1), 'sublinear_tf': False, 'min_df': 2, 'max_df': 1.0, 'max_features': None}",{'alpha': 0.1},
linsvc,,0.9986423584173778,0.9439421338155516,0.9439577410046123,134270,1342710,37.42,4.519,I2,Linear SVM + word+char n-gram,svm_char,0.9428313899675921,0.007068561672658468,Preprocessor(header=True),word+char,"{'ngram_range': (1, 1), 'sublinear_tf': False, 'min_df': 2, 'max_df': 1.0, 'max_features': None}","{'C': 0.3, 'max_iter': 5000}",21.0
linsvc,,0.9988363072148952,0.9547920433996383,0.9549164550788127,134270,1342710,51.35,5.62,I2,Linear SVM + Subject x3 + word+char,svm_s3_char,0.9495375953940574,0.003429572684447806,"Preprocessor(header=True, subject_repeat=3)",word+char,"{'ngram_range': (1, 1), 'sublinear_tf': False, 'min_df': 2, 'max_df': 1.0, 'max_features': None}","{'C': 0.3, 'max_iter': 5000}",21.0
vote,,0.9970907680372382,0.9448462929475587,0.9451207925269088,34270,4113530,106.43,0.354,I3,"Hard vote (SVM, NB, MLP)",vote,0.9394787972125684,0.008822119603928721,Preprocessor(header=True),tfidf,"{'ngram_range': (1, 1), 'sublinear_tf': False, 'min_df': 2, 'max_df': 1.0, 'max_features': None}","{'linsvc': {'C': 0.3, 'max_iter': 5000}, 'nb': {'alpha': 0.1}, 'mlp': {'hidden_layer_sizes': (100,), 'alpha': 0.0001, 'early_stopping': True, 'max_iter': 50, 'n_iter_no_change': 5}}",
