epoch,loss,train_acc,val_acc
1,2.1790852744803613,0.8359193173002327,0.7649186256781193
2,1.695533725699957,0.9712955779674166,0.9095840867992767
3,1.1281162544859678,0.985065942591156,0.9267631103074141
4,0.6815643815051636,0.9887509697439876,0.9367088607594937
5,0.4130069613960772,0.9924359968968193,0.9385171790235082
6,0.26557981226576105,0.9949573312645461,0.9412296564195298
7,0.18188803157124972,0.9976726144297905,0.9448462929475587
8,0.13112336658613494,0.9980605120248255,0.9430379746835443
9,0.09845409845641734,0.9984484096198604,0.9412296564195298
10,0.0764240519529859,0.9988363072148952,0.9430379746835443
11,0.060995840486522145,0.9988363072148952,0.9430379746835443
12,0.04983616214987169,0.9994181536074477,0.9439421338155516
13,0.0415402758937252,0.9994181536074477,0.9430379746835443
14,0.035228819529640645,0.9996121024049651,0.9412296564195298
15,0.03032755655830441,0.9996121024049651,0.9412296564195298
16,0.02645525311836275,0.9996121024049651,0.9430379746835443
17,0.023344440092875392,0.9996121024049651,0.9439421338155516
18,0.02080978105686267,0.9996121024049651,0.9430379746835443
19,0.018717891992722068,0.9996121024049651,0.9430379746835443
20,0.01697209454770046,0.9996121024049651,0.9421338155515371
21,0.015500256093136648,0.9998060512024826,0.9421338155515371
22,0.01424896724925366,0.9998060512024826,0.9421338155515371
23,0.013176147345934905,0.9998060512024826,0.9412296564195298
24,0.012249960430234946,0.9998060512024826,0.9412296564195298
25,0.011444609213822737,0.9998060512024826,0.9412296564195298
26,0.010740446144705625,0.9998060512024826,0.9412296564195298
27,0.010121044428601097,0.9998060512024826,0.9412296564195298
28,0.009573279993668977,0.9998060512024826,0.9412296564195298
29,0.009086552908229985,0.9998060512024826,0.9412296564195298
30,0.008652164063010549,0.9998060512024826,0.9412296564195298
