group,name,model,train_acc,val_acc,val_f1,n_features,n_params,fit_sec,pred_sec,prep,vec_kind,vec_params,model_params,n_iter,cv_mean,cv_std,step,key,value,order,nb_val_acc
F1 representation,kind=tfidf,linsvc,0.9994181536074477,0.9403254972875226,0.940440925880879,93579,935800,3.09,0.298,Preprocessor(header=True),tfidf,{},"{'C': 1.0, 'max_iter': 20000}",40,0.9402766268304313,0.008367257900881345,F1 representation,kind,tfidf,0,0.9403254972875226
F1 representation,kind=tf,linsvc,0.9965089216446859,0.9122965641952984,0.9120480762723364,93579,935800,2.77,0.292,Preprocessor(header=True),tf,{},"{'C': 1.0, 'max_iter': 20000}",44,0.9180782734854878,0.006662276038928559,F1 representation,kind,tf,1,0.9222423146473779
F1 representation,kind=count,linsvc,0.9998060512024826,0.8842676311030742,0.8839027614901707,93579,935800,16.34,0.342,Preprocessor(header=True),count,{},"{'C': 1.0, 'max_iter': 20000}",16799,0.8858179347202497,0.011251521807458463,F1 representation,kind,count,2,0.85623869801085
F1 representation,kind=binary,linsvc,0.9998060512024826,0.8933092224231465,0.8934659516618547,93579,935800,4.85,0.238,Preprocessor(header=True),binary,{},"{'C': 1.0, 'max_iter': 20000}",2941,0.8834236809293478,0.0033933492611762594,F1 representation,kind,binary,3,0.8652802893309223
F2 ngram_range,"ngram_range=(1, 1)",linsvc,0.9994181536074477,0.9403254972875226,0.940440925880879,93579,935800,2.5,0.252,Preprocessor(header=True),tfidf,"{'ngram_range': (1, 1)}","{'C': 1.0, 'max_iter': 20000}",40,0.9402766268304313,0.008367257900881345,F2 ngram_range,ngram_range,"(1, 1)",0,0.9403254972875226
F2 ngram_range,"ngram_range=(1, 2)",linsvc,0.9998060512024826,0.9394213381555153,0.9396884947373856,649569,6495700,13.07,0.845,Preprocessor(header=True),tfidf,"{'ngram_range': (1, 2)}","{'C': 1.0, 'max_iter': 20000}",40,0.9429911343765379,0.005363719844680801,F2 ngram_range,ngram_range,"(1, 2)",1,0.9385171790235082
F3 sublinear_tf,sublinear_tf=False,linsvc,0.9994181536074477,0.9403254972875226,0.940440925880879,93579,935800,2.51,0.308,Preprocessor(header=True),tfidf,"{'ngram_range': (1, 1), 'sublinear_tf': False}","{'C': 1.0, 'max_iter': 20000}",40,0.9402766268304313,0.008367257900881345,F3 sublinear_tf,sublinear_tf,False,0,0.9403254972875226
F3 sublinear_tf,sublinear_tf=True,linsvc,0.9996121024049651,0.9403254972875226,0.9404449291254231,93579,935800,2.68,0.255,Preprocessor(header=True),tfidf,"{'ngram_range': (1, 1), 'sublinear_tf': True}","{'C': 1.0, 'max_iter': 20000}",41,0.9420329229019682,0.006716749332595647,F3 sublinear_tf,sublinear_tf,True,1,0.9376130198915009
F4 min_df,min_df=1,linsvc,0.9994181536074477,0.9403254972875226,0.940440925880879,93579,935800,3.58,0.304,Preprocessor(header=True),tfidf,"{'ngram_range': (1, 1), 'sublinear_tf': False, 'min_df': 1}","{'C': 1.0, 'max_iter': 20000}",40,0.9402766268304313,0.008367257900881345,F4 min_df,min_df,1,0,0.9403254972875226
F4 min_df,min_df=2,linsvc,0.9992242048099301,0.9367088607594937,0.9367627800941504,34270,342710,2.36,0.224,Preprocessor(header=True),tfidf,"{'ngram_range': (1, 1), 'sublinear_tf': False, 'min_df': 2}","{'C': 1.0, 'max_iter': 20000}",40,0.9381999495141372,0.008049461447157518,F4 min_df,min_df,2,1,0.9412296564195298
F4 min_df,min_df=5,linsvc,0.9992242048099301,0.9312839059674503,0.9312245973068576,15024,150250,2.72,0.356,Preprocessor(header=True),tfidf,"{'ngram_range': (1, 1), 'sublinear_tf': False, 'min_df': 5}","{'C': 1.0, 'max_iter': 20000}",41,0.929896172508663,0.009000668940445907,F4 min_df,min_df,5,2,0.9267631103074141
F5 max_df,max_df=1.0,linsvc,0.9992242048099301,0.9367088607594937,0.9367627800941504,34270,342710,2.05,0.344,Preprocessor(header=True),tfidf,"{'ngram_range': (1, 1), 'sublinear_tf': False, 'min_df': 2, 'max_df': 1.0}","{'C': 1.0, 'max_iter': 20000}",40,0.9381999495141372,0.008049461447157518,F5 max_df,max_df,1.0,0,0.9412296564195298
F5 max_df,max_df=0.5,linsvc,0.9992242048099301,0.9358047016274864,0.9359469553751009,34248,342490,2.49,0.334,Preprocessor(header=True),tfidf,"{'ngram_range': (1, 1), 'sublinear_tf': False, 'min_df': 2, 'max_df': 0.5}","{'C': 1.0, 'max_iter': 20000}",41,0.937401354958961,0.008497844531099523,F5 max_df,max_df,0.5,1,0.9421338155515371
F6 max_features,max_features=None,linsvc,0.9992242048099301,0.9367088607594937,0.9367627800941504,34270,342710,2.12,0.319,Preprocessor(header=True),tfidf,"{'ngram_range': (1, 1), 'sublinear_tf': False, 'min_df': 2, 'max_df': 1.0, 'max_features': None}","{'C': 1.0, 'max_iter': 20000}",40,0.9381999495141372,0.008049461447157518,F6 max_features,max_features,None,0,0.9412296564195298
F6 max_features,max_features=50000,linsvc,0.9992242048099301,0.9367088607594937,0.9367627800941504,34270,342710,2.31,0.288,Preprocessor(header=True),tfidf,"{'ngram_range': (1, 1), 'sublinear_tf': False, 'min_df': 2, 'max_df': 1.0, 'max_features': 50000}","{'C': 1.0, 'max_iter': 20000}",40,0.9381999495141372,0.008049461447157518,F6 max_features,max_features,50000,1,0.9412296564195298
F6 max_features,max_features=20000,linsvc,0.9992242048099301,0.9321880650994575,0.9321788711662053,20000,200010,2.17,0.273,Preprocessor(header=True),tfidf,"{'ngram_range': (1, 1), 'sublinear_tf': False, 'min_df': 2, 'max_df': 1.0, 'max_features': 20000}","{'C': 1.0, 'max_iter': 20000}",40,0.9356450588874242,0.00807909878322612,F6 max_features,max_features,20000,2,0.9358047016274864
F6 max_features,max_features=5000,linsvc,0.9984484096198604,0.9086799276672695,0.9083989963494437,5000,50010,2.22,0.254,Preprocessor(header=True),tfidf,"{'ngram_range': (1, 1), 'sublinear_tf': False, 'min_df': 2, 'max_df': 1.0, 'max_features': 5000}","{'C': 1.0, 'max_iter': 20000}",11,0.9148850426707531,0.007961790860329311,F6 max_features,max_features,5000,3,0.8996383363471971
