,precision,recall,f1-score,support
graphics,0.926605504587156,0.9181818181818182,0.9223744292237442,110.0
windows,0.8823529411764706,0.9459459459459459,0.9130434782608695,111.0
pc.hw,0.8290598290598291,0.8738738738738738,0.8508771929824561,111.0
autos,0.990909090909091,0.9819819819819819,0.9864253393665159,111.0
motorcyc,1.0,0.9910714285714286,0.9955156950672646,112.0
baseball,0.9911504424778761,1.0,0.9955555555555555,112.0
crypt,1.0,0.9459459459459459,0.9722222222222222,111.0
electron,0.9252336448598131,0.8918918918918919,0.908256880733945,111.0
med,1.0,0.9819819819819819,0.990909090909091,111.0
mideast,1.0,1.0,1.0,106.0
accuracy,0.9529837251356239,0.9529837251356239,0.9529837251356239,0.9529837251356239
macro avg,0.9545311453070235,0.9530874868374868,0.9535179884321664,1106.0
weighted avg,0.9544250598812721,0.9529837251356239,0.9534119927496417,1106.0
