group,name,model,train_acc,val_acc,val_f1,n_features,n_params,fit_sec,pred_sec,prep,vec_kind,vec_params,model_params,n_iter,cv_mean,cv_std,nb_val_acc,opts
P,P0 raw,linsvc,0.9998060512024826,0.9312839059674503,0.9316345827976942,96528,965290,4.52,0.256,Preprocessor(),tfidf,{},{'C': 1.0},39,0.9383604588603964,0.009010010575203882,0.9204339963833634,{}
P,P1 strip header (keep Subject),linsvc,0.9994181536074477,0.9403254972875226,0.940440925880879,93579,935800,8.5,0.184,Preprocessor(header=True),tfidf,{},{'C': 1.0},40,0.9402766268304313,0.008367257900881345,0.9403254972875226,{'header': True}
P,P2 strip quotes,linsvc,0.9992242048099301,0.8996383363471971,0.8997020610206586,89270,892710,1.62,0.158,Preprocessor(quotes=True),tfidf,{},{'C': 1.0},39,0.9070610088503246,0.00887314350938653,0.8670886075949367,{'quotes': True}
P,P3 strip email/url/number,linsvc,0.9994181536074477,0.9358047016274864,0.9359148449319606,70772,707730,5.33,2.849,Preprocessor(noise=True),tfidf,{},{'C': 1.0},40,0.9402762443617746,0.006461153438849766,0.9312839059674503,{'noise': True}
P,P4 stopwords,linsvc,0.9998060512024826,0.9294755877034359,0.9297936027425437,96220,962210,1.65,0.136,Preprocessor(stopwords=True),tfidf,{},{'C': 1.0},40,0.9377208437768525,0.008101115570916582,0.9222423146473779,{'stopwords': True}
P,P5a Porter stemming,linsvc,0.9996121024049651,0.9412296564195298,0.9414251335267052,83605,836060,1.96,0.29,Preprocessor(stem=True),tfidf,{},{'C': 1.0},40,0.9394770123588373,0.005602100309803661,0.9159132007233273,{'stem': True}
P,P5b alphabetic tokens len>=3,linsvc,0.9996121024049651,0.9231464737793852,0.9233666746754924,55979,559800,1.32,0.232,Preprocessor(alpha3=True),tfidf,{},{'C': 1.0},40,0.9346873573710635,0.008662415970499953,0.9113924050632911,{'alpha3': True}
P,P6 combine improving steps,linsvc,0.9990302560124127,0.9421338155515371,0.942033069388178,56107,561080,1.75,0.15,"Preprocessor(header=True, noise=True, stem=True)",tfidf,{},{'C': 1.0},41,0.9377209712664047,0.009732353553974574,0.9321880650994575,"{'header': True, 'noise': True, 'stem': True}"
P,P7 header + noise,linsvc,0.9992242048099301,0.9403254972875226,0.940381943121473,68411,684120,1.88,0.233,"Preprocessor(header=True, noise=True)",tfidf,{},{'C': 1.0},41,0.9399568830334353,0.0076205452600357736,0.9385171790235082,"{'header': True, 'noise': True}"
P,P8 header + stem,linsvc,0.9992242048099301,0.9376130198915009,0.9375862127380439,80789,807900,3.07,0.208,"Preprocessor(header=True, stem=True)",tfidf,{},{'C': 1.0},40,0.940914584549796,0.009265436855257674,0.9367088607594937,"{'header': True, 'stem': True}"
